Workbook

Sheet 설명
A1: V-1 점검표 비교 v3 — 메인: 교육부 표준 / 부록: 서울·경기
A3: [비교 구성]
A4: • 메인: 교육부 학교안전총괄과 「학교안전점검의날 점검체크리스트 및 가이드」(2020) — 전국 표준
A5: • 부록 1: 서울특별시교육청 [서식 A-1-3] 안전점검의 날 체크리스트 (학생수 14.8% 표본)
A6: • 부록 2: 경기도교육청 「2025 과학실 안전관리 계획」 자체점검표 (학생수 28.7% 표본)
A8: [비교 차원 통일]
A9: • 모든 비교는 '실험실 영역'에 한정합니다. AI 27항목이 화학실 맞춤이므로 차원이 일치합니다.
A10: • 교육부 표준 6개 영역 중 '2. 실험실' 8항목만 AI와 직접 매핑합니다.
A11: • 메인 시트에서 다른 영역(교실·건축물·통학로 등) 항목은 비교에 사용되지 않아 제외했습니다.
A13: [표본 정당화]
A14: • 메인 비교는 교육부 발행 전국 표준이므로 시도 표본 논쟁이 발생하지 않습니다.
A15: • 부록 비교 두 시도(서울+경기)는 전국 초·중·고 학생의 약 43.5%를 책임지는 광역지자체입니다.
... A30: • 부록 수치(서울·경기)는 Q&A 자료로 활용합니다.

Sheet 메인_교육부표준2020
A1: 교육부 학교안전총괄과 「학교안전점검의날 체크리스트」(2020) — 실험실 영역
A2: ※ 본 시트는 비교에 사용한 실험실 영역 8항목만 보존합니다. (교육부 표준은 총 6영역 약 70항목, 그 중 실험실 영역만 추출)
A4: # | B4: 영역 | C4: 소분류 | D4: 세부 점검 항목
A5: 1 | B5: 2. 실험실 | C5: 안전계획 | D5: 안전수칙·대응요령 게시상태
A6: 2 | B6: 2. 실험실 | C6: 안전관리 | D6: 실험장구 구비(실험복·마스크·보안경)
A7: 3 | B7: 2. 실험실 | C7: 안전관리 | D7: 실험 중 사고대비(소화기·콘센트·비상구·대피로)
A8: 4 | B8: 2. 실험실 | C8: 안전관리 | D8: 시약보관(보관함·잠금·환기)
A9: 5 | B9: 2. 실험실 | C9: 안전관리 | D9: 특수시약관리(독극물·위험실험시약 보관/잠금)
A10: 6 | B10: 2. 실험실 | C10: 안전관리 | D10: 사후처리(청소·약품관리·출납대장)
A11: 7 | B11: 2. 실험실 | C11: 기타 | D11: 보안관리(잠금장치·CCTV)
A12: 8 | B12: 2. 실험실 | C12: 기타 | D12: 비상시 대비(대피로·비상연락망)

Sheet AI매핑_교육부
A1: AI 27항목 × 교육부 표준 실험실 8항목 매핑 (메인)
A2: AI 27항목 vs 교육부 표준 실험실 (8항목) · 매핑유형 드롭다운(공통/부분공통/AI보완)
A4: # | B4: 카테고리 | C4: AI 맞춤 항목 | D4: 매핑유형 | E4: 매핑 근거
A5: 1 | B5: 비상 대응 | C5: 비상샤워 | D5: AI보완 | E5: 교육부 표준에 명시 없음 — 학교보건법·교육시설법 적용 시 담당자가 추가 필요
A6: 2 | B6: 비상 대응 | C6: 세안기 | D6: AI보완 | E6: 교육부 표준에 명시 없음 — 학교보건법·교육시설법 적용 시 담당자가 추가 필요
A7: 3 | B7: 비상 대응 | C7: 가스차단밸브 | D7: AI보완 | E7: 교육부 표준 실험실 영역에 명시 없음 (건축물 가스 영역 별도)
A8: 4 | B8: 비상 대응 | C8: 소화기 | D8: 공통 | E8: 교육부 2.실험실.안전관리 '실험 중 사고대비(소화기)'
A9: 5 | B9: 비상 대응 | C9: 소화포 | D9: AI보완 | E9: 교육부 표준에 명시 없음
A10: 6 | B10: 비상 대응 | C10: 응급처치함 | D10: AI보완 | E10: 교육부 1번 게시 항목에 응급대응 요령은 있으나 응급처치함 자체 명시 없음
A11: 7 | B11: 환기·배기 | C11: 흄후드 | D11: 부분공통 | E11: 교육부 4번 시약보관 '필요환기' 포괄적 언급 — 공간 특이 흄후드 명시 없음
A12: 8 | B12: 환기·배기 | C12: 국소배기장치 | D12: 부분공통 | E12: 교육부 4번 '환기' 포괄 — 국소배기 명시 없음
A13: 9 | B13: 환기·배기 | C13: 기계환기구 | D13: 부분공통 | E13: 교육부 4번 '환기' 포괄
A14: 10 | B14: 환기·배기 | C14: 천장디퓨저 | D14: AI보완 | E14: 교육부 표준에 명시 없음
A15: 11 | B15: 보관·격리 | C15: 시약장(잠금) | D15: 공통 | E15: 교육부 4번 '시약보관(보관함·잠금)' + 5번 '특수시약관리(잠금)'
A16: 12 | B16: 보관·격리 | C16: 가스용기보관함 | D16: AI보완 | E16: 교육부 실험실 영역에 명시 없음
... A31: 27 | B31: 안내·표지 | C31: 가스차단 표지 | D31: AI보완 | E31: 교육부 실험실 영역에 명시 없음

Sheet 지표_요약
A1: 지표 요약 — 메인(교육부 표준) + 부록(서울·경기)
A3: [메인 — 교육부 표준 비교]
A4: AI 맞춤 총 항목 (M) | B4: =COUNTA(AI매핑_교육부!C5:C31)
A5: 교육부 실험실 (E) | B5: =8
A6: 공통 (M ∩ E) | B6: =COUNTIF(AI매핑_교육부!D5:D31,"공통")
A7: 부분공통 | B7: =COUNTIF(AI매핑_교육부!D5:D31,"부분공통")
A8: AI 자동 보완 | B8: =COUNTIF(AI매핑_교육부!D5:D31,"AI보완")
A11: [메인 지표 — 슬라이드 11 치환값]
A12: 공통 보존율 | B12: =IFERROR((B6+B7)/B4,"")
A13: 법령 자동 적용률 | B13: =IFERROR(B8/B4,"")
A14: 자동 보완 항목 수 | B14: =B8
A17: [부록 — 서울·경기 시도 표본 비교 (Q&A 자료용)]
A18: 지표 | B18: 서울 | C18: 경기 | D18: 평균 | E18: 비고
A19: 공통 보존율 | B19: =부록_서울!I3 | C19: =부록_경기!I3 | D19: =AVERAGE(B19:C19) | E19: 서울·경기 학생수 합 43.5%
A20: 법령 자동 적용률 | B20: =부록_서울!I4 | C20: =부록_경기!I4 | D20: =AVERAGE(B20:C20)
A21: 자동 보완 항목 수 | B21: =부록_서울!I5 | C21: =부록_경기!I5 | D21: =AVERAGE(B21:C21)

Sheet 부록_서울
A1: 부록 1 — 서울특별시교육청 [서식 A-1-3] 과학실험실 26항목 vs AI 27
H2: 지표 | I2: 값
H3: 공통 보존율 | I3: =(COUNTIF(C5:C31,"공통")+COUNTIF(C5:C31,"부분공통"))/COUNTA(B5:B31)
A4: # | B4: AI 항목 | C4: 매핑유형 | D4: 매핑 근거 | H4: 법령 자동 적용률 | I4: =COUNTIF(C5:C31,"AI보완")/COUNTA(B5:B31)
A5: 1 | B5: 비상샤워 | C5: AI보완 | D5: 서울 과학실험실 영역에 명시 없음 | H5: 자동 보완 항목 수 | I5: =COUNTIF(C5:C31,"AI보완")
A6: 2 | B6: 세안기 | C6: AI보완 | D6: 서울 과학실험실 영역에 명시 없음 | H6: 기존 서울 과학실험실 | I6: 26
A7: 3 | B7: 가스차단밸브 | C7: AI보완 | D7: 단위학교 다른 영역에 있으나 과학실 영역 한정 시 명시 없음
A8: 4 | B8: 소화기 | C8: 공통 | D8: 12. 소화기·모래보관함
A9: 5 | B9: 소화포 | C9: 부분공통 | D9: 12. 모래보관함 (소화 보조)
A10: 6 | B10: 응급처치함 | C10: 부분공통 | D10: 8. 응급 대처 요령 게시 — 응급처치함 자체는 없음
A11: 7 | B11: 흄후드 | C11: 부분공통 | D11: 13. 환풍기 — 흄후드 명시 없음
A12: 8 | B12: 국소배기장치 | C12: 부분공통 | D12: 13. 환풍기 — 국소배기 명시 없음
A13: 9 | B13: 기계환기구 | C13: 공통 | D13: 13. 환풍기
A14: 10 | B14: 천장디퓨저 | C14: AI보완 | D14: 명시 없음
A15: 11 | B15: 시약장(잠금) | C15: 공통 | D15: 16. 밀폐 시약장(잠금장치)
A16: 12 | B16: 가스용기보관함 | C16: AI보완 | D16: 과학실 영역 명시 없음
A17: 13 | B17: 폐액용기 | C17: 공통 | D17: 21. 폐수·폐시약 별도 보관
A18: 14 | B18: 개인보호구함 | C18: 부분공통 | D18: 11. 안전보호 장비 — 보관함 명시 없음
... A31: 27 | B31: 가스차단 표지 | C31: AI보완 | D31: 과학실 영역 명시 없음

Sheet 부록_경기
A1: 부록 2 — 경기도교육청 「2025 과학실 안전관리 계획」 자체 점검표 29항목 vs AI 27
H2: 지표 | I2: 값
H3: 공통 보존율 | I3: =(COUNTIF(C5:C31,"공통")+COUNTIF(C5:C31,"부분공통"))/COUNTA(B5:B31)
A4: # | B4: AI 항목 | C4: 매핑유형 | D4: 매핑 근거 | H4: 법령 자동 적용률 | I4: =COUNTIF(C5:C31,"AI보완")/COUNTA(B5:B31)
A5: 1 | B5: 비상샤워 | C5: 공통 | D5: 14. 비상샤워기 정상 작동 | H5: 자동 보완 항목 수 | I5: =COUNTIF(C5:C31,"AI보완")
A6: 2 | B6: 세안기 | C6: 공통 | D6: 14. 눈세척기 정상 작동 | H6: 기존 경기 과학실험실 | I6: 29
A7: 3 | B7: 가스차단밸브 | C7: AI보완 | D7: 과학실 점검표에 명시 없음
A8: 4 | B8: 소화기 | C8: 공통 | D8: 11. 소화기(휴대용 포함)·방화사
A9: 5 | B9: 소화포 | C9: 공통 | D9: 11. 방화사
A10: 6 | B10: 응급처치함 | C10: 부분공통 | D10: 7. 응급대처 게시 — 응급처치함 자체 명시 없음
A11: 7 | B11: 흄후드 | C11: 공통 | D11: 12. 환풍기 + 15. 시약장 환기·필터점검
A12: 8 | B12: 국소배기장치 | C12: 부분공통 | D12: 12. 환풍기 — 국소배기 명시 없음
A13: 9 | B13: 기계환기구 | C13: 공통 | D13: 12. 환풍기
A14: 10 | B14: 천장디퓨저 | C14: AI보완 | D14: 명시 없음
A15: 11 | B15: 시약장(잠금) | C15: 공통 | D15: 15. 밀폐시약장 + 16. 잠금
A16: 12 | B16: 가스용기보관함 | C16: AI보완 | D16: 과학실 점검표 명시 없음
A17: 13 | B17: 폐액용기 | C17: 공통 | D17: 20. 폐수·폐시약 보관함 이중시건
A18: 14 | B18: 개인보호구함 | C18: 부분공통 | D18: 10. 안전보호 장비 — 보관함 명시 없음
... A31: 27 | B31: 가스차단 표지 | C31: AI보완 | D31: 명시 없음

Sheet 슬라이드11_치환
A1: 슬라이드 11 TBD 치환 — 메인 수치 (교육부 표준 기준)
A2: ※ 부록 수치는 부록_서울 / 부록_경기 시트 우측 I열 참조
A4: 슬라이드 11 지표 | B4: 값 | C4: 출처
A5: 공통 보존율 | B5: =지표_요약!B12 | C5: 지표_요약!B12
A6: 법령 자동 적용률 | B6: =지표_요약!B13 | C6: 지표_요약!B13
A7: 자동 보완 항목 수 | B7: =지표_요약!B14 | C7: 지표_요약!B14
A10: [권장 슬라이드 11 카피]
A11: 공통 보존율 / 법령 자동 적용률 / 자동 보완 항목 수
A12: 기준: 교육부 학교안전총괄과 「학교안전점검의날 체크리스트」(2020)
A13: * 교육부 표준은 공통 핵심을 다루며 공간별 세부는 담당자가 다중 법령 적용. AI는 그 적용을 자동화.
