Workbook

Sheet 설명
A1: V-2 예산 시나리오 — 사용 설명서
A3: [목적]
A4: 슬라이드 13(3단계 예산 최적화)의 3개 시나리오(소규모/중규모/확장) 'RISK ↓' 수치를 채우기 위한 정량 시뮬레이션 템플릿.
A5: 슬라이드 13 대타이틀 '예산 X를 배분하면 전국 위험도가 Y 감소합니다'의 X와 Y도 본 파일에서 생성됩니다.
A7: [시트 구성]
A8: • 설명 (본 시트)
A9: • 개입_파라미터 — 10개 개입 카테고리 × 단위비용·우선순위 입력
A10: • 시나리오_소규모 — S1 상위 100교 대상 예산 배분 (예: 소규모)
A11: • 시나리오_중규모 — S1 전체 526교 대상 예산 배분 (중간 규모)
A12: • 시나리오_확장 — S1+S2 전체 대상 예산 배분 (최대 규모)
A13: • 슬라이드13_요약 — 3개 시나리오 결과 자동 집계 + 치환 문구 생성
A15: [LP 공식]
... A46: • 슬라이드 13의 '위험 감소 Y%'는 '투입 시 감소량 / 전국 잠재 위험량'으로 정의됩니다. 본 템플릿에서는 'Σ(우선순위×투입수) / Σ(우선순위×전체대상수)'로 근사.

Sheet 개입_파라미터
A1: 개입 카테고리 파라미터
A2: ※ '단위비용'(C열)과 '우선순위'(D열)를 입력하세요. 나머지는 자동 계산됩니다.
A4: # | B4: 카테고리 | C4: 단위비용 (만원/개) | D4: 우선순위 (1-10) | E4: 카테고리 | F4: 비용효율성 (우선순위÷비용) | G4: 설명
A5: 1 | B5: 비상샤워·세안기 통합형 | E5: 비상 대응 | F5: =IFERROR(D5/C5,"") | G5: 화학실·생명과학실 필수
A6: 2 | B6: 가스차단밸브 | E6: 비상 대응 | F6: =IFERROR(D6/C6,"") | G6: LPG·도시가스 사용 공간
A7: 3 | B7: 소화포·응급처치함 세트 | E7: 비상 대응 | F7: =IFERROR(D7/C7,"") | G7: 소화포·구급약품 일괄
A8: 4 | B8: 흄후드 (신규/교체) | E8: 환기·배기 | F8: =IFERROR(D8/C8,"") | G8: 시약 취급 실험실 필수
A9: 5 | B9: 국소배기장치 | E9: 환기·배기 | F9: =IFERROR(D9/C9,"") | G9: 기술실·미술실 포함
A10: 6 | B10: 시약장 잠금형 교체 | E10: 보관·격리 | F10: =IFERROR(D10/C10,"") | G10: 내산내열·잠금·환기
A11: 7 | B11: 폐액용기·폐기물 보관 세트 | E11: 보관·격리 | F11: =IFERROR(D11/C11,"") | G11: 시약별 분리 수거
A12: 8 | B12: 가스누출감지기 | E12: 감지·경보 | F12: =IFERROR(D12/C12,"") | G12: 연동경보 포함
A13: 9 | B13: PPE 세트 (30인 기준) | E13: 개인보호구 | F13: =IFERROR(D13/C13,"") | G13: 보안경·장갑·실험복·방독면
A14: 10 | B14: MSDS 비치함 + 안전수칙 게시판 | E14: 안내·표지 | F14: =IFERROR(D14/C14,"") | G14: 법정 비치 의무

Sheet 시나리오_소규모
A1: 시나리오 1 — 소규모 — 예산 배분 시뮬레이션
A2: 총예산 (만원) | D2: 예: 5억원 입력 시 50,000 입력
A3: 대상 | C3: S1 상위 100교 (고위험 상위)
A5: # | B5: 카테고리 | C5: 단위비용 (참조) | D5: 대상시설수 (입력) | E5: 할당 수 (입력) | F5: 비용 합계 (자동) | G5: 감소량 (자동) | H5: 메모
A6: 1 | B6: =개입_파라미터!B5 -> 비상샤워·세안기 통합형 | C6: =개입_파라미터!C5 -> 0 | F6: =IFERROR(C6*E6,"") -> 0 | G6: =IFERROR(개입_파라미터!D5*E6,"") -> 0
A7: 2 | B7: =개입_파라미터!B6 -> 가스차단밸브 | C7: =개입_파라미터!C6 -> 0 | F7: =IFERROR(C7*E7,"") -> 0 | G7: =IFERROR(개입_파라미터!D6*E7,"") -> 0
A8: 3 | B8: =개입_파라미터!B7 -> 소화포·응급처치함 세트 | C8: =개입_파라미터!C7 -> 0 | F8: =IFERROR(C8*E8,"") -> 0 | G8: =IFERROR(개입_파라미터!D7*E8,"") -> 0
A9: 4 | B9: =개입_파라미터!B8 -> 흄후드 (신규/교체) | C9: =개입_파라미터!C8 -> 0 | F9: =IFERROR(C9*E9,"") -> 0 | G9: =IFERROR(개입_파라미터!D8*E9,"") -> 0
A10: 5 | B10: =개입_파라미터!B9 -> 국소배기장치 | C10: =개입_파라미터!C9 -> 0 | F10: =IFERROR(C10*E10,"") -> 0 | G10: =IFERROR(개입_파라미터!D9*E10,"") -> 0
A11: 6 | B11: =개입_파라미터!B10 -> 시약장 잠금형 교체 | C11: =개입_파라미터!C10 -> 0 | F11: =IFERROR(C11*E11,"") -> 0 | G11: =IFERROR(개입_파라미터!D10*E11,"") -> 0
A12: 7 | B12: =개입_파라미터!B11 -> 폐액용기·폐기물 보관 세트 | C12: =개입_파라미터!C11 -> 0 | F12: =IFERROR(C12*E12,"") -> 0 | G12: =IFERROR(개입_파라미터!D11*E12,"") -> 0
A13: 8 | B13: =개입_파라미터!B12 -> 가스누출감지기 | C13: =개입_파라미터!C12 -> 0 | F13: =IFERROR(C13*E13,"") -> 0 | G13: =IFERROR(개입_파라미터!D12*E13,"") -> 0
A14: 9 | B14: =개입_파라미터!B13 -> PPE 세트 (30인 기준) | C14: =개입_파라미터!C13 -> 0 | F14: =IFERROR(C14*E14,"") -> 0 | G14: =IFERROR(개입_파라미터!D13*E14,"") -> 0
A15: 10 | B15: =개입_파라미터!B14 -> MSDS 비치함 + 안전수칙 게시판 | C15: =개입_파라미터!C14 -> 0 | F15: =IFERROR(C15*E15,"") -> 0 | G15: =IFERROR(개입_파라미터!D14*E15,"") -> 0
A17: 합계 | F17: =SUM(F6:F15) -> 0 | G17: =SUM(G6:G15) -> 0
A18: 예산 사용률 | F18: =IFERROR(F17/C2,"")
A19: 잠재 위험 감소율 (감소량 ÷ 최대가능) | G19: =IFERROR(G17/SUMPRODUCT(개입_파라미터!D5:D14,D6:D15),"")
A20: 대상 시설 누계 (참고) | D20: =SUM(D6:D15) -> 0 | E20: =SUM(E6:E15) -> 0 | F20: ↑ 대상 수 / 할당 수 합계
A22: [배분 전략 힌트]
A23: 개입_파라미터 시트의 '비용효율성' 열(F열)에서 높은 값 카테고리부터 우선 배분하면 동일 예산 대비 위험 감소량이 최대화됩니다 (greedy 근사해 = 연속 LP 최적해).

Sheet 시나리오_중규모
A1: 시나리오 2 — 중규모 — 예산 배분 시뮬레이션
A2: 총예산 (만원) | D2: 예: 30억원 입력 시 300,000 입력
A3: 대상 | C3: S1 전체 526교
A5: # | B5: 카테고리 | C5: 단위비용 (참조) | D5: 대상시설수 (입력) | E5: 할당 수 (입력) | F5: 비용 합계 (자동) | G5: 감소량 (자동) | H5: 메모
A6: 1 | B6: =개입_파라미터!B5 -> 비상샤워·세안기 통합형 | C6: =개입_파라미터!C5 -> 0 | F6: =IFERROR(C6*E6,"") -> 0 | G6: =IFERROR(개입_파라미터!D5*E6,"") -> 0
A7: 2 | B7: =개입_파라미터!B6 -> 가스차단밸브 | C7: =개입_파라미터!C6 -> 0 | F7: =IFERROR(C7*E7,"") -> 0 | G7: =IFERROR(개입_파라미터!D6*E7,"") -> 0
A8: 3 | B8: =개입_파라미터!B7 -> 소화포·응급처치함 세트 | C8: =개입_파라미터!C7 -> 0 | F8: =IFERROR(C8*E8,"") -> 0 | G8: =IFERROR(개입_파라미터!D7*E8,"") -> 0
A9: 4 | B9: =개입_파라미터!B8 -> 흄후드 (신규/교체) | C9: =개입_파라미터!C8 -> 0 | F9: =IFERROR(C9*E9,"") -> 0 | G9: =IFERROR(개입_파라미터!D8*E9,"") -> 0
A10: 5 | B10: =개입_파라미터!B9 -> 국소배기장치 | C10: =개입_파라미터!C9 -> 0 | F10: =IFERROR(C10*E10,"") -> 0 | G10: =IFERROR(개입_파라미터!D9*E10,"") -> 0
A11: 6 | B11: =개입_파라미터!B10 -> 시약장 잠금형 교체 | C11: =개입_파라미터!C10 -> 0 | F11: =IFERROR(C11*E11,"") -> 0 | G11: =IFERROR(개입_파라미터!D10*E11,"") -> 0
A12: 7 | B12: =개입_파라미터!B11 -> 폐액용기·폐기물 보관 세트 | C12: =개입_파라미터!C11 -> 0 | F12: =IFERROR(C12*E12,"") -> 0 | G12: =IFERROR(개입_파라미터!D11*E12,"") -> 0
A13: 8 | B13: =개입_파라미터!B12 -> 가스누출감지기 | C13: =개입_파라미터!C12 -> 0 | F13: =IFERROR(C13*E13,"") -> 0 | G13: =IFERROR(개입_파라미터!D12*E13,"") -> 0
A14: 9 | B14: =개입_파라미터!B13 -> PPE 세트 (30인 기준) | C14: =개입_파라미터!C13 -> 0 | F14: =IFERROR(C14*E14,"") -> 0 | G14: =IFERROR(개입_파라미터!D13*E14,"") -> 0
A15: 10 | B15: =개입_파라미터!B14 -> MSDS 비치함 + 안전수칙 게시판 | C15: =개입_파라미터!C14 -> 0 | F15: =IFERROR(C15*E15,"") -> 0 | G15: =IFERROR(개입_파라미터!D14*E15,"") -> 0
A17: 합계 | F17: =SUM(F6:F15) -> 0 | G17: =SUM(G6:G15) -> 0
A18: 예산 사용률 | F18: =IFERROR(F17/C2,"")
A19: 잠재 위험 감소율 (감소량 ÷ 최대가능) | G19: =IFERROR(G17/SUMPRODUCT(개입_파라미터!D5:D14,D6:D15),"")
A20: 대상 시설 누계 (참고) | D20: =SUM(D6:D15) -> 0 | E20: =SUM(E6:E15) -> 0 | F20: ↑ 대상 수 / 할당 수 합계
A22: [배분 전략 힌트]
A23: 개입_파라미터 시트의 '비용효율성' 열(F열)에서 높은 값 카테고리부터 우선 배분하면 동일 예산 대비 위험 감소량이 최대화됩니다 (greedy 근사해 = 연속 LP 최적해).

Sheet 시나리오_확장
A1: 시나리오 3 — 확장 — 예산 배분 시뮬레이션
A2: 총예산 (만원) | D2: 예: 100억원 입력 시 1,000,000 입력
A3: 대상 | C3: S1+S2 전체 (전국 기준)
A5: # | B5: 카테고리 | C5: 단위비용 (참조) | D5: 대상시설수 (입력) | E5: 할당 수 (입력) | F5: 비용 합계 (자동) | G5: 감소량 (자동) | H5: 메모
A6: 1 | B6: =개입_파라미터!B5 -> 비상샤워·세안기 통합형 | C6: =개입_파라미터!C5 -> 0 | F6: =IFERROR(C6*E6,"") -> 0 | G6: =IFERROR(개입_파라미터!D5*E6,"") -> 0
A7: 2 | B7: =개입_파라미터!B6 -> 가스차단밸브 | C7: =개입_파라미터!C6 -> 0 | F7: =IFERROR(C7*E7,"") -> 0 | G7: =IFERROR(개입_파라미터!D6*E7,"") -> 0
A8: 3 | B8: =개입_파라미터!B7 -> 소화포·응급처치함 세트 | C8: =개입_파라미터!C7 -> 0 | F8: =IFERROR(C8*E8,"") -> 0 | G8: =IFERROR(개입_파라미터!D7*E8,"") -> 0
A9: 4 | B9: =개입_파라미터!B8 -> 흄후드 (신규/교체) | C9: =개입_파라미터!C8 -> 0 | F9: =IFERROR(C9*E9,"") -> 0 | G9: =IFERROR(개입_파라미터!D8*E9,"") -> 0
A10: 5 | B10: =개입_파라미터!B9 -> 국소배기장치 | C10: =개입_파라미터!C9 -> 0 | F10: =IFERROR(C10*E10,"") -> 0 | G10: =IFERROR(개입_파라미터!D9*E10,"") -> 0
A11: 6 | B11: =개입_파라미터!B10 -> 시약장 잠금형 교체 | C11: =개입_파라미터!C10 -> 0 | F11: =IFERROR(C11*E11,"") -> 0 | G11: =IFERROR(개입_파라미터!D10*E11,"") -> 0
A12: 7 | B12: =개입_파라미터!B11 -> 폐액용기·폐기물 보관 세트 | C12: =개입_파라미터!C11 -> 0 | F12: =IFERROR(C12*E12,"") -> 0 | G12: =IFERROR(개입_파라미터!D11*E12,"") -> 0
A13: 8 | B13: =개입_파라미터!B12 -> 가스누출감지기 | C13: =개입_파라미터!C12 -> 0 | F13: =IFERROR(C13*E13,"") -> 0 | G13: =IFERROR(개입_파라미터!D12*E13,"") -> 0
A14: 9 | B14: =개입_파라미터!B13 -> PPE 세트 (30인 기준) | C14: =개입_파라미터!C13 -> 0 | F14: =IFERROR(C14*E14,"") -> 0 | G14: =IFERROR(개입_파라미터!D13*E14,"") -> 0
A15: 10 | B15: =개입_파라미터!B14 -> MSDS 비치함 + 안전수칙 게시판 | C15: =개입_파라미터!C14 -> 0 | F15: =IFERROR(C15*E15,"") -> 0 | G15: =IFERROR(개입_파라미터!D14*E15,"") -> 0
A17: 합계 | F17: =SUM(F6:F15) -> 0 | G17: =SUM(G6:G15) -> 0
A18: 예산 사용률 | F18: =IFERROR(F17/C2,"")
A19: 잠재 위험 감소율 (감소량 ÷ 최대가능) | G19: =IFERROR(G17/SUMPRODUCT(개입_파라미터!D5:D14,D6:D15),"")
A20: 대상 시설 누계 (참고) | D20: =SUM(D6:D15) -> 0 | E20: =SUM(E6:E15) -> 0 | F20: ↑ 대상 수 / 할당 수 합계
A22: [배분 전략 힌트]
A23: 개입_파라미터 시트의 '비용효율성' 열(F열)에서 높은 값 카테고리부터 우선 배분하면 동일 예산 대비 위험 감소량이 최대화됩니다 (greedy 근사해 = 연속 LP 최적해).

Sheet 슬라이드13_요약
A1: 슬라이드 13(OPTIMIZE) 치환 수치
A2: ※ 아래 3개 시나리오의 예산/감소율이 슬라이드 13의 RISK ↓ 3개 셀에 들어갑니다.
A4: 시나리오 | B4: 예산 (만원) | C4: 대상 시설 | D4: 할당 시설 수 | E4: 감소율 (RISK ↓)
A5: 소규모 (S1 상위 100교) | B5: =시나리오_소규모!C2 -> 0 | C5: =시나리오_소규모!D20 -> 0 | D5: =시나리오_소규모!E20 -> 0 | E5: =시나리오_소규모!G19
A6: 중규모 (S1 전체 526교) | B6: =시나리오_중규모!C2 -> 0 | C6: =시나리오_중규모!D20 -> 0 | D6: =시나리오_중규모!E20 -> 0 | E6: =시나리오_중규모!G19
A7: 확장 (S1+S2 전체) | B7: =시나리오_확장!C2 -> 0 | C7: =시나리오_확장!D20 -> 0 | D7: =시나리오_확장!E20 -> 0 | E7: =시나리오_확장!G19
A9: [슬라이드 13 치환 문구 예시]
A10: 대타이틀: '예산 X를 배분하면, 전국 위험도가 Y 감소합니다.'
A11: ="치환 후: 예산 "&TEXT(B6,"#,##0")&"만원을 배분하면, 전국 위험도가 "&TEXT(E6,"0.0%")&" 감소합니다." -> 치환 후: 예산 0만원을 배분하면, 전국 위험도가 감소합니다.
A13: [슬라이드 13 시나리오 표 — RISK ↓ 3개 셀]
A14: ="소규모 → "&TEXT(E5,"0.0%")&" 감소" -> 소규모 → 감소
A15: ="중규모 → "&TEXT(E6,"0.0%")&" 감소" -> 중규모 → 감소
A16: ="확장 → "&TEXT(E7,"0.0%")&" 감소" -> 확장 → 감소
A18: ※ 개입_파라미터 및 각 시나리오 시트의 입력값이 비어 있으면 이 시트의 결과도 빈 칸입니다.
